experiment,metric,method,mean,lower95,upper95,participants,scope
balanced_simulated_calibration,dice,original,0.6460998108086642,0.6111665333973415,0.6807349861110937,18,reused_original_test_anatomy
balanced_simulated_calibration,dice,background,0.7065706572956751,0.6751803351976883,0.7387798511633904,18,reused_original_test_anatomy
balanced_simulated_calibration,dice,difference,0.06047084648701087,0.050419434152475635,0.07023881580756063,18,reused_original_test_anatomy
balanced_simulated_calibration,normal_fp,original,0.65771484375,0.6100784866898148,0.7012491861979167,18,reused_original_test_anatomy
balanced_simulated_calibration,normal_fp,background,0.0769314236111111,0.05636890552662037,0.09675247757523148,18,reused_original_test_anatomy
balanced_simulated_calibration,normal_fp,difference,-0.5807834201388888,-0.6429407190393518,-0.5171608253761574,18,reused_original_test_anatomy
balanced_simulated_calibration,parameter_mae,original,0.09609113403906419,0.09455229867025516,0.09768974857042644,18,reused_original_test_anatomy
balanced_simulated_calibration,parameter_mae,background,0.047793597203713824,0.04584848402844117,0.04969050726128943,18,reused_original_test_anatomy
balanced_simulated_calibration,parameter_mae,difference,-0.048297536835350374,-0.050381926066173165,-0.04640324048456495,18,reused_original_test_anatomy
same_objective_40_steps,dice,neural_minus_classical,0.0149226585334098,0.009687394719501901,0.02052855877102252,18,reused_original_test_anatomy
acquired_signal_reconstruction,spacetime_nrmse,inr,0.1729772547413944,0.1469124232912615,0.2018291447263516,12,healthy_BLADE_confirmation
acquired_signal_reconstruction,spacetime_nrmse,interpolation,0.2112121242589836,0.1757243965165413,0.251466298113048,12,healthy_BLADE_confirmation
acquired_signal_reconstruction,spacetime_nrmse,isotropic,0.1773268865128877,0.1502416227225536,0.2061044126804865,12,healthy_BLADE_confirmation
acquired_signal_reconstruction,spacetime_nrmse,regional_mean,0.2571915575407721,0.2161461513788075,0.3000211074488512,12,healthy_BLADE_confirmation
acquired_signal_reconstruction,spacetime_nrmse,spectral,0.1776644903144042,0.1506955856696943,0.2062778765871793,12,healthy_BLADE_confirmation
